{"cameraMode":{"drawMode":0,"name":"Shaded","section":"Shading Mode"},"sceneLighting":true,"audioPlay":false,"sceneViewState":{"showFog":true,"showMaterialUpdate":false,"showSkybox":true,"showFlares":true,"showImageEffects":true,"showParticleSystems":true},"in2DMode":false,"pivot":{"x":-0.6611906290054321,"y":2.542555332183838,"z":0.6222743988037109},"rotation":{"x":-0.1288486272096634,"y":0.039256688207387927,"z":-0.005104695446789265,"w":-0.9908738732337952},"size":22.0,"orthographic":false}