{"cameraMode":{"drawMode":0,"name":"Shaded","section":"Shading Mode"},"sceneLighting":false,"audioPlay":false,"sceneViewState":{"showFog":true,"showMaterialUpdate":false,"showSkybox":true,"showFlares":true,"showImageEffects":true,"showParticleSystems":true},"in2DMode":false,"pivot":{"x":-2.9274635314941408,"y":1.1401290893554688,"z":26.648948669433595},"rotation":{"x":-0.05780581012368202,"y":0.9406047463417053,"z":-0.20669570565223695,"w":-0.2630554437637329},"size":87.8537826538086,"orthographic":false}