{"cameraMode":{"drawMode":0,"name":"Shaded","section":"Shading Mode"},"sceneLighting":false,"audioPlay":false,"sceneViewState":{"showFog":true,"showMaterialUpdate":false,"showSkybox":true,"showFlares":true,"showImageEffects":true,"showParticleSystems":true},"in2DMode":false,"pivot":{"x":-1.1892337799072266,"y":8.472356796264649,"z":20.632612228393556},"rotation":{"x":0.0012020552530884743,"y":0.8946242928504944,"z":0.002406685845926404,"w":-0.44681116938591006},"size":6.457885265350342,"orthographic":false}